gfx,cu_num,M,N,K,a_dtype,tile_m,tile_n,tile_k,us,tflops,gain_vs_heuristic_pct
gfx950,256,128,4096,7168,fp4,128,64,256,14.307,525.33,13.9
gfx950,256,256,4096,7168,fp4,128,64,256,19.674,764.06,7.6
gfx950,256,512,4096,7168,fp4,32,128,256,21.359,1407.60,32.2
gfx950,256,128,4608,7168,fp4,128,64,256,14.281,592.10,15.8
gfx950,256,256,4608,7168,fp4,128,64,256,20.477,825.86,12.0
gfx950,256,512,4608,7168,fp4,128,128,256,24.134,1401.44,20.6
gfx950,256,256,5120,6144,fp4,64,128,256,18.538,868.82,25.5
gfx950,256,512,5120,6144,fp4,128,128,256,21.771,1479.57,24.7
gfx950,256,256,5120,17408,fp4,64,128,256,44.440,1026.87,22.3
gfx950,256,512,5120,17408,fp4,128,128,256,51.311,1778.73,28.5
gfx950,256,256,7168,2048,fp4,64,64,256,13.529,555.55,5.4
gfx950,256,512,7168,2048,fp4,128,128,128,13.698,1097.38,12.6
gfx950,256,128,8192,5120,fp4,128,64,256,13.632,787.64,29.5
gfx950,256,256,8192,5120,fp4,64,128,256,18.456,1163.58,55.9
gfx950,256,512,8192,5120,fp4,128,128,256,21.673,1981.72,38.5
gfx950,256,16,34816,5120,fp4,32,64,256,15.958,357.45,5.0
gfx950,256,32,34816,5120,fp4,32,64,256,16.355,697.56,6.9
gfx950,256,64,34816,5120,fp4,64,128,256,19.278,1183.55,62.1
gfx950,256,128,34816,5120,fp4,128,64,256,26.031,1753.07,135.6
gfx950,256,256,34816,5120,fp4,128,128,256,39.041,2337.76,62.5
gfx950,256,512,34816,5120,fp4,128,128,256,65.615,2781.92,69.3
gfx950,256,1,4096,7168,fp6,32,64,128,13.760,4.27,22.9
gfx950,256,2,4096,7168,fp6,32,128,128,14.130,8.31,19.9
gfx950,256,4,4096,7168,fp6,32,128,128,14.081,16.68,19.4
gfx950,256,8,4096,7168,fp6,32,128,128,14.128,33.25,19.7
gfx950,256,16,4096,7168,fp6,32,64,128,13.765,68.25,22.1
gfx950,256,32,4096,7168,fp6,32,64,128,13.751,136.65,22.8
gfx950,256,1,4608,7168,fp6,32,64,128,13.811,4.78,22.3
gfx950,256,2,4608,7168,fp6,32,64,128,13.845,9.54,21.1
gfx950,256,4,4608,7168,fp6,32,64,128,13.771,19.19,22.2
gfx950,256,8,4608,7168,fp6,32,128,128,14.212,37.18,19.1
gfx950,256,16,4608,7168,fp6,32,64,128,13.797,76.61,21.2
gfx950,256,32,4608,7168,fp6,32,64,128,13.907,152.01,22.2
gfx950,256,128,4608,7168,fp6,32,128,256,20.708,408.32,41.2
gfx950,256,256,4608,7168,fp6,32,256,256,28.645,590.38,6.5
gfx950,256,512,4608,7168,fp6,32,128,128,33.165,1019.83,9.9
gfx950,256,1,5120,6144,fp6,32,128,128,13.839,4.55,7.4
gfx950,256,2,5120,6144,fp6,32,128,128,13.747,9.15,7.6
gfx950,256,4,5120,6144,fp6,32,128,128,13.770,18.28,8.0
gfx950,256,8,5120,6144,fp6,32,128,128,13.774,36.54,7.6
gfx950,256,16,5120,6144,fp6,32,128,128,13.757,73.17,8.8
gfx950,256,32,5120,6144,fp6,32,128,128,13.761,146.30,8.1
gfx950,256,128,5120,6144,fp6,32,128,256,19.153,420.46,33.9
gfx950,256,256,5120,6144,fp6,32,256,256,26.865,599.52,5.7
gfx950,256,512,5120,6144,fp6,32,128,128,29.756,1082.53,11.2
gfx950,256,128,5120,17408,fp6,32,128,256,45.629,500.05,43.5
gfx950,256,512,5120,17408,fp6,32,128,128,74.969,1217.41,10.7
gfx950,256,256,7168,2048,fp6,64,64,128,13.796,544.79,10.2
gfx950,256,512,7168,2048,fp6,32,256,128,15.432,974.08,6.4
gfx950,256,256,8192,5120,fp6,64,128,256,25.458,843.53,13.9
gfx950,256,512,8192,5120,fp6,32,128,128,31.790,1351.05,11.9
gfx950,256,64,34816,5120,fp6,64,256,256,29.502,773.40,25.9
gfx950,256,128,34816,5120,fp6,128,256,128,36.564,1248.06,67.0
gfx950,256,256,34816,5120,fp6,128,256,128,53.241,1714.24,34.9
gfx950,256,512,34816,5120,fp6,128,256,128,93.156,1959.48,29.8
gfx950,256,64,4096,7168,fp8,64,64,256,13.624,275.84,19.9
gfx950,256,128,4096,7168,fp8,64,64,256,19.051,394.53,5.1
gfx950,256,512,4096,7168,fp8,32,128,256,22.955,1309.73,31.5
gfx950,256,64,4608,7168,fp8,64,64,256,13.771,307.01,26.0
gfx950,256,512,4608,7168,fp8,64,128,256,28.194,1199.65,9.9
gfx950,256,32,5120,6144,fp8,32,128,256,13.683,147.13,6.7
gfx950,256,64,5120,6144,fp8,64,128,256,14.552,276.69,12.8
gfx950,256,256,5120,6144,fp8,64,128,256,20.842,772.76,14.0
gfx950,256,512,5120,6144,fp8,32,64,256,27.452,1173.41,7.1
gfx950,256,256,5120,17408,fp8,64,128,256,51.072,893.52,8.5
gfx950,256,512,5120,17408,fp8,64,128,256,62.144,1468.66,12.6
gfx950,256,256,7168,2048,fp8,64,128,256,13.400,560.89,12.2
gfx950,256,512,7168,2048,fp8,128,64,256,13.729,1094.94,26.7
gfx950,256,256,8192,5120,fp8,64,128,256,19.978,1074.90,48.7
gfx950,256,512,8192,5120,fp8,128,128,256,28.538,1505.01,14.7
gfx950,256,64,34816,5120,fp8,64,128,256,22.094,1032.73,46.1
gfx950,256,128,34816,5120,fp8,128,128,256,34.365,1327.91,79.9
gfx950,256,256,34816,5120,fp8,128,128,128,51.800,1761.92,37.3
gfx950,256,512,34816,5120,fp8,128,128,128,86.075,2120.66,37.4
